target;mean;auc_train;auc_test;model_id
T_KNR214;0.0308237577059;0.93078428473;0.928874037985;GLM_model_python_1449144903009_2
T_KNR276;0.0244690061173;0.942540607234;0.945528372363;GLM_model_python_1449144903009_4
T_KNR330;0.00630100157525;0.915465957198;0.914472397487;GLM_model_python_1449144903009_6
T_KNR153;0.0693175173294;0.966821976132;0.965879898451;GLM_model_python_1449144903009_8
T_KNR152;0.286150571538;0.968211722978;0.968242803849;GLM_model_python_1449144903009_10
T_KNR108;0.0197752549438;0.941800043562;0.943183463393;GLM_model_python_1449144903009_12
T_KNR149;0.113687778422;0.746018833761;0.745752744176;GLM_model_python_1449144903009_14
T_KNR148;0.0604645151161;0.84022716915;0.841045336296;GLM_model_python_1449144903009_16
T_KNR224;0.00720350180088;0.89997661319;0.904588335909;GLM_model_python_1449144903009_18
T_KNR267;0.0377167594292;0.973905896177;0.974036878084;GLM_model_python_1449144903009_20
T_KNR366;0.0771487692872;0.652633582591;0.648026359273;GLM_model_python_1449144903009_22
T_KNR365;0.0155697538924;0.66110365769;0.664395090708;GLM_model_python_1449144903009_24
T_KNR164;0.0406932601733;0.950985800834;0.949826266763;GLM_model_python_1449144903009_26
T_KNR245;0.00575350143838;0.927828876009;0.927100181453;GLM_model_python_1449144903009_28
T_KNR243;0.00456700114175;0.95385776511;0.956675217642;GLM_model_python_1449144903009_30
T_KNR142;0.201593300398;0.763052863037;0.764157958351;GLM_model_python_1449144903009_32
T_KNR187;0.0845037711259;0.723952700225;0.723683250677;GLM_model_python_1449144903009_34
T_KNR246;0.214577303644;0.758379176257;0.758097490157;GLM_model_python_1449144903009_36
T_KNR16;0.0750355187589;0.774861692328;0.772434149459;GLM_model_python_1449144903009_38
T_KNR140;0.216194304049;0.777949362564;0.778940104855;GLM_model_python_1449144903009_40
T_KNR229;0.0891807722952;0.721044581541;0.720729370488;GLM_model_python_1449144903009_42
T_KNR254;0.0427682606921;0.80074918598;0.797085772377;GLM_model_python_1449144903009_44
T_KNR320;0.0802965200741;0.81241454374;0.815480781817;GLM_model_python_1449144903009_46
T_KNR184;0.0859157714789;0.874455483244;0.877335729643;GLM_model_python_1449144903009_48
T_KNR179;0.265863066466;0.74448078994;0.745034636942;GLM_model_python_1449144903009_50
T_KNR199;0.0154687538672;0.749162001935;0.75042383819;GLM_model_python_1449144903009_52
T_KNR182;0.0837190209298;0.708618762495;0.706323021312;GLM_model_python_1449144903009_54
T_KNR139;0.0181415045354;0.893942445318;0.895852424443;GLM_model_python_1449144903009_56
T_KNR339;0.0464212616053;0.68284697369;0.680892921129;GLM_model_python_1449144903009_58
T_KNR266;0.0898342724586;0.756758895119;0.758191138158;GLM_model_python_1449144903009_60
T_KNR180;0.0117692529423;0.71045955614;0.709778013066;GLM_model_python_1449144903009_62
T_KNR113;0.149834537459;0.827692941085;0.827663306954;GLM_model_python_1449144903009_64
T_KNR263;0.245316561329;0.806464668519;0.805820967233;GLM_model_python_1449144903009_66
T_KNR315;0.00285925071481;0.92474289973;0.923895161321;GLM_model_python_1449144903009_68
T_KNR203;0.0668000167;0.90842824712;0.908786976918;GLM_model_python_1449144903009_70
T_KNR255;0.111796527949;0.781851258771;0.78119486305;GLM_model_python_1449144903009_72
T_KNR265;0.0893017723254;0.788899459148;0.790449133572;GLM_model_python_1449144903009_74
T_KNR261;0.0615980153995;0.900591106557;0.900526325269;GLM_model_python_1449144903009_76
T_KNR270;0.0802110200528;0.849454813601;0.849572261854;GLM_model_python_1449144903009_78
T_KNR190;0.0712015178004;0.919254888605;0.920561863559;GLM_model_python_1449144903009_80
T_KNR18;0.0253832563458;0.792969576367;0.795059691824;GLM_model_python_1449144903009_82
T_KNR206;0.102899275725;0.804795685428;0.80703815181;GLM_model_python_1449144903009_84
T_KNR277;0.0649737662434;0.793448800104;0.792302332689;GLM_model_python_1449144903009_86
T_KNR290;0.0473832618458;0.894199231346;0.894520633555;GLM_model_python_1449144903009_88
T_KNR257;0.00232350058088;0.852851237596;0.836363826806;GLM_model_python_1449144903009_90
T_KNR144;0.0513410128353;0.785105769844;0.786382814696;GLM_model_python_1449144903009_92
T_KNR183;0.0424830106208;0.756155915907;0.754516090279;GLM_model_python_1449144903009_94
T_KNR215;0.0140062535016;0.785914376253;0.779450777449;GLM_model_python_1449144903009_96
T_KNR225;0.02544000636;0.931645092988;0.930905342132;GLM_model_python_1449144903009_98
T_KNR111;0.0172497543124;0.925313331938;0.927433440372;GLM_model_python_1449144903009_100
T_KNR186;0.0638367659592;0.767344918753;0.767295090061;GLM_model_python_1449144903009_102
T_KNR260;0.0760192690048;0.891710680738;0.891536286169;GLM_model_python_1449144903009_104
T_KNR2;0.0098620024655;0.745186102391;0.732959437158;GLM_model_python_1449144903009_106
T_KNR216;0.0421052605263;0.847212904434;0.843696528424;GLM_model_python_1449144903009_108
T_KNR115;0.0340815085204;0.823169474589;0.821821698039;GLM_model_python_1449144903009_110
T_KNR251;0.0567802641951;0.904886169318;0.906176762615;GLM_model_python_1449144903009_112
T_KNR160;0.0539062634766;0.925415940392;0.927045639288;GLM_model_python_1449144903009_114
T_KNR159;0.00199700049925;0.930617659409;0.924791810002;GLM_model_python_1449144903009_116
T_KNR223;0.0592327648082;0.919312799902;0.919744640402;GLM_model_python_1449144903009_118
T_KNR262;0.0203927550982;0.931289245069;0.929961237043;GLM_model_python_1449144903009_120
T_KNR136;0.0441210110303;0.896075316037;0.896302217436;GLM_model_python_1449144903009_122
T_KNR231;0.0394270098568;0.673983085078;0.668803092755;GLM_model_python_1449144903009_124
T_KNR296;0.100832525208;0.928428683267;0.928466686357;GLM_model_python_1449144903009_126
T_KNR295;0.14295903574;0.930416367138;0.930465033075;GLM_model_python_1449144903009_128
T_KNR256;0.0589482647371;0.827930951104;0.828529482105;GLM_model_python_1449144903009_130
T_KNR101;0.0138457534614;0.893362704141;0.892720855824;GLM_model_python_1449144903009_132
T_KNR253;0.0340997585249;0.807579067477;0.806931310386;GLM_model_python_1449144903009_134
T_KNR294;0.0115427528857;0.898113583925;0.897450776286;GLM_model_python_1449144903009_136
T_KNR105;0.0406117601529;0.908623650099;0.910078734077;GLM_model_python_1449144903009_138
T_KNR235;0.0237535059384;0.891085532713;0.892349829515;GLM_model_python_1449144903009_140
T_KNR177;0.0219892554973;0.846897599845;0.841687953951;GLM_model_python_1449144903009_142
T_KNR130;0.0806847701712;0.942354724706;0.942598265154;GLM_model_python_1449144903009_144
T_KNR173;0.0706837676709;0.910825871761;0.910210912794;GLM_model_python_1449144903009_146
T_KNR237;0.0165892541473;0.74896841247;0.749217017951;GLM_model_python_1449144903009_148
T_KNR252;0.0350590087648;0.841876243374;0.842686921149;GLM_model_python_1449144903009_150
T_KNR151;0.0368562592141;0.936111290812;0.936101470882;GLM_model_python_1449144903009_152
T_KNR349;0.00267825066956;0.711635758451;0.703025257098;GLM_model_python_1449144903009_154
T_KNR269;0.00341925085481;0.811549290262;0.809579793246;GLM_model_python_1449144903009_156
T_KNR344;0.00353025088256;0.760149362711;0.751936189763;GLM_model_python_1449144903009_158
T_KNR137;0.0406895101724;0.939292064425;0.940454840295;GLM_model_python_1449144903009_160
T_KNR135;0.0222235055559;0.959320073986;0.960123419707;GLM_model_python_1449144903009_162
T_KNR298;0.0780685195171;0.956693960852;0.956517023122;GLM_model_python_1449144903009_164
T_KNR357;0.0175017543754;0.850768414636;0.849312061978;GLM_model_python_1449144903009_166
T_KNR274;0.0293905073476;0.961690473599;0.960225329942;GLM_model_python_1449144903009_168
T_KNR32;0.0132432533108;0.96092414471;0.959970401373;GLM_model_python_1449144903009_170
T_KNR280;0.00427950106988;0.903662424859;0.904361809485;GLM_model_python_1449144903009_172
T_KNR275;0.0160375040094;0.897478673862;0.895833535804;GLM_model_python_1449144903009_174
T_KNR250;0.101337275334;0.933917472445;0.932204751683;GLM_model_python_1449144903009_176
T_KNR128;0.00260325065081;0.682243775028;0.677079904206;GLM_model_python_1449144903009_178
T_KNR163;0.00929900232475;0.868638495677;0.870464038679;GLM_model_python_1449144903009_180
T_KNR161;0.0155075038769;0.891047860956;0.88603458819;GLM_model_python_1449144903009_182
T_KNR25;0.00821450205363;0.950016951471;0.950729224266;GLM_model_python_1449144903009_184
T_KNR347;0.00474075118519;0.682376960766;0.668784260891;GLM_model_python_1449144903009_186
T_KNR175;0.0285037571259;0.916858674602;0.915827118316;GLM_model_python_1449144903009_188
T_KNR176;0.0213917553479;0.801675001685;0.799925510135;GLM_model_python_1449144903009_190
T_KNR238;0.0234215058554;0.807763369382;0.808536209895;GLM_model_python_1449144903009_192
T_KNR242;0.0180057545014;0.831315658354;0.825166570857;GLM_model_python_1449144903009_194
T_KNR360;0.0173942543486;0.633397837794;0.629542607199;GLM_model_python_1449144903009_196
T_KNR341;0.00829725207431;0.692168076757;0.6828499082;GLM_model_python_1449144903009_198
T_KNR117;0.0255862563966;0.95069951884;0.950944502529;GLM_model_python_1449144903009_200
T_KNR334;0.000903250225813;0.889032151727;0.885822545024;GLM_model_python_1449144903009_202
T_KNR174;0.0147750036938;0.791928489787;0.793415097917;GLM_model_python_1449144903009_204
T_KNR292;0.0179820044955;0.941894546917;0.940106912369;GLM_model_python_1449144903009_206
T_KNR248;0.0404410101103;0.906580573371;0.906253608889;GLM_model_python_1449144903009_208
T_KNR125;0.00409425102356;0.847055303344;0.856010310566;GLM_model_python_1449144903009_210
T_KNR236;0.000514250128563;0.779128711422;0.765574068348;GLM_model_python_1449144903009_212
T_KH_KNR113;0.00067100016775;0.874421845102;0.840854803958;GLM_model_python_1449144903009_214
T_KNR172;0.0110705027676;0.86045124504;0.856652040397;GLM_model_python_1449144903009_216
T_KNR171;0.00351500087875;0.890159064895;0.886372924987;GLM_model_python_1449144903009_218
T_KNR249;0.0171777542944;0.927296581939;0.929161256215;GLM_model_python_1449144903009_220
T_KNR162;0.0415985103996;0.963550262012;0.963137603216;GLM_model_python_1449144903009_222
T_KNR17;0.0406307601577;0.74486972235;0.744464609336;GLM_model_python_1449144903009_224
T_KNR217;0.00169075042269;0.811956378728;0.803690635491;GLM_model_python_1449144903009_226
T_KH_KNR231;0.000560750140188;0.745024541123;0.6917615778;GLM_model_python_1449144903009_228
T_KH_KNR277;0.00044000011;0.877369006295;0.831456749003;GLM_model_python_1449144903009_230
T_KNR282;0.0189475047369;0.926907973832;0.927592023864;GLM_model_python_1449144903009_232
T_KNR299;0.004144001036;0.938675599506;0.935122659064;GLM_model_python_1449144903009_234
T_KNR352;0.00764075191019;0.750647691415;0.743806086234;GLM_model_python_1449144903009_236
T_KNR335;0.00403975100994;0.763861291573;0.76015352424;GLM_model_python_1449144903009_238
T_KNR356;0.0117572529393;0.683534601021;0.679734002431;GLM_model_python_1449144903009_240
T_KNR12;0.00788700197175;0.745356877358;0.737361570152;GLM_model_python_1449144903009_242
T_KNR126;0.00423225105806;0.684422939138;0.676453892156;GLM_model_python_1449144903009_244
T_KNR210;0.0345260086315;0.884577663444;0.88480303449;GLM_model_python_1449144903009_246
T_KNR364;0.0127455031864;0.678059556438;0.678693149158;GLM_model_python_1449144903009_248
T_KNR264;0.0401807600452;0.75371525228;0.753223294143;GLM_model_python_1449144903009_250
T_KNR138;0.0222070055518;0.896213096127;0.89806122411;GLM_model_python_1449144903009_252
T_KNR213;0.002696000674;0.835889860548;0.835361592667;GLM_model_python_1449144903009_254
T_KNR103;0.00312625078156;0.949260471743;0.95609560356;GLM_model_python_1449144903009_256
T_KNR102;0.00197300049325;0.952607428008;0.953973056259;GLM_model_python_1449144903009_258
T_KNR1;0.0314412578603;0.733456692198;0.729059577695;GLM_model_python_1449144903009_260
T_KNR192;0.00172300043075;0.913123743365;0.895803696224;GLM_model_python_1449144903009_262
T_KNR110;0.0183545045886;0.951274903393;0.950114956633;GLM_model_python_1449144903009_264
T_KNR258;0.0148845037211;0.879190090007;0.882791079301;GLM_model_python_1449144903009_266
T_KH_KNR186;0.00101050025263;0.896662544632;0.880773732693;GLM_model_python_1449144903009_268
T_KNR112;0.00673375168344;0.861573512061;0.864283990712;GLM_model_python_1449144903009_270
T_KH_KNR179;0.000327750081938;0.786032168531;0.773886842177;GLM_model_python_1449144903009_272
T_KNR189;0.0479460119865;0.914435731158;0.915594240151;GLM_model_python_1449144903009_274
T_KNR286;0.0225207556302;0.901037312827;0.899539953124;GLM_model_python_1449144903009_276
T_KNR333;0.00114125028531;0.715441927558;0.704191449102;GLM_model_python_1449144903009_278
T_KH_KNR25;0.00096900024225;0.936038602642;0.937165056602;GLM_model_python_1449144903009_280
T_KNR166;0.00567750141938;0.964360777514;0.961648874093;GLM_model_python_1449144903009_282
T_TOD;0.00987650246913;0.942420773308;0.943032245106;GLM_model_python_1449144903009_284
T_KNR23;0.0244765061191;0.771233243837;0.772682947979;GLM_model_python_1449144903009_286
T_KNR20;0.00344425086106;0.848102259949;0.845672756811;GLM_model_python_1449144903009_288
T_KNR358;0.0044780011195;0.770291181721;0.759660899155;GLM_model_python_1449144903009_290
T_KNR340;0.00881275220319;0.624811707578;0.61736574458;GLM_model_python_1449144903009_292
T_KH_KNR263;0.000620250155063;0.860773717722;0.83906343432;GLM_model_python_1449144903009_294
T_KNR241;0.00617050154263;0.778049388361;0.768131865857;GLM_model_python_1449144903009_296
T_KNR302;0.0103500025875;0.952941871235;0.950726935027;GLM_model_python_1449144903009_298
T_KNR301;0.0161770040443;0.942134113438;0.942886431242;GLM_model_python_1449144903009_300
T_KNR354;0.00176300044075;0.730093772899;0.725223315123;GLM_model_python_1449144903009_302
T_KNR227;0.00610250152563;0.922932453932;0.920498777202;GLM_model_python_1449144903009_304
T_KNR109;0.018516004629;0.960872537852;0.959639773673;GLM_model_python_1449144903009_306
T_KNR104;0.0103020025755;0.940935417539;0.941506452077;GLM_model_python_1449144903009_308
T_KNR271;0.0110212527553;0.881093306282;0.876384311472;GLM_model_python_1449144903009_310
T_KNR35;0.00765075191269;0.93324990574;0.928247164183;GLM_model_python_1449144903009_312
T_KNR31;0.0107637526909;0.976992266586;0.977918474697;GLM_model_python_1449144903009_314
T_KH_KNR296;0.000456000114;0.882002200139;0.851626632749;GLM_model_python_1449144903009_316
T_KNR240;0.010252002563;0.723463471773;0.716945149029;GLM_model_python_1449144903009_318
T_KNR328;0.00249975062494;0.717603185768;0.713883268155;GLM_model_python_1449144903009_320
T_KNR154;0.00591100147775;0.94651099218;0.949001652544;GLM_model_python_1449144903009_322
T_KNR100;0.00528125132031;0.980672204252;0.980323097035;GLM_model_python_1449144903009_324
T_KH_KNR203;0.000289750072438;0.854992323012;0.804796325295;GLM_model_python_1449144903009_326
T_KNR170;0.00591075147769;0.80575080028;0.809823244887;GLM_model_python_1449144903009_328
T_KNR121;0.0128372532093;0.92701317125;0.926412171919;GLM_model_python_1449144903009_330
T_KNR284;0.0485415121354;0.977671174577;0.977486515428;GLM_model_python_1449144903009_332
T_KNR346;0.015208003802;0.675046511117;0.669941419019;GLM_model_python_1449144903009_334
T_KNR30;0.0151462537866;0.906693705224;0.90762619491;GLM_model_python_1449144903009_336
T_KNR11;0.0113942528486;0.760773566778;0.764663015435;GLM_model_python_1449144903009_338
T_KNR338;0.0101507525377;0.713279091163;0.716844655106;GLM_model_python_1449144903009_340
T_KH_KNR338;0.000628500157125;0.745990647068;0.698183719514;GLM_model_python_1449144903009_342
T_KNR147;0.0147207536802;0.818517290371;0.816016621641;GLM_model_python_1449144903009_344
T_KH_KNR130;0.000736500184125;0.946373984548;0.935963197941;GLM_model_python_1449144903009_346
T_KNR198;0.0239022559756;0.770143029964;0.769174445077;GLM_model_python_1449144903009_348
T_KNR293;0.00116650029163;0.89504758024;0.896797902525;GLM_model_python_1449144903009_350
T_KH_KNR292;0.000197750049438;0.964453317605;0.936050533792;GLM_model_python_1449144903009_352
T_KNR300;0.00271825067956;0.917548983464;0.916243436241;GLM_model_python_1449144903009_354
T_KH_KNR300;0.000316250079063;0.918968014176;0.925638125098;GLM_model_python_1449144903009_356
T_KH_KNR301;0.00171375042844;0.980088090205;0.979173294138;GLM_model_python_1449144903009_358
T_KNR200;0.00256025064006;0.722383118903;0.721027125182;GLM_model_python_1449144903009_360
T_KNR336;0.00152700038175;0.766692075227;0.760993070116;GLM_model_python_1449144903009_362
T_KNR355;0.0518422629606;0.846003279319;0.845732562956;GLM_model_python_1449144903009_364
T_KH_KNR36;0.000659750164938;0.956199519137;0.942943187659;GLM_model_python_1449144903009_366
T_KNR36;0.0048340012085;0.935466884922;0.934407282876;GLM_model_python_1449144903009_368
T_KH_KNR189;0.00067100016775;0.959008890483;0.960655184693;GLM_model_python_1449144903009_370
T_KNR205;0.0134420033605;0.838157593656;0.838893582548;GLM_model_python_1449144903009_372
T_KH_KNR153;0.00203500050875;0.903138135915;0.904590445052;GLM_model_python_1449144903009_374
T_KNR209;0.00136725034181;0.844916388155;0.83534830975;GLM_model_python_1449144903009_376
T_KNR285;0.00853150213288;0.949022259788;0.949565706768;GLM_model_python_1449144903009_378
T_KNR34;0.00131850032963;0.940513851111;0.945099036975;GLM_model_python_1449144903009_380
T_KNR185;0.0104217526054;0.79055793864;0.78495526874;GLM_model_python_1449144903009_382
T_KNR28;0.0009940002485;0.87933534977;0.876737150231;GLM_model_python_1449144903009_384
T_KNR234;0.00286875071719;0.78044852293;0.768111904729;GLM_model_python_1449144903009_386
T_KNR21;0.0057300014325;0.851079669403;0.856712162722;GLM_model_python_1449144903009_388
T_KNR316;0.00369375092344;0.900421810576;0.891211300314;GLM_model_python_1449144903009_390
T_KNR288;0.00229425057356;0.945011557936;0.945313294747;GLM_model_python_1449144903009_392
T_KH_KNR354;4.8000012e-05;0.845896460969;0.760991896165;GLM_model_python_1449144903009_394
T_KNR169;0.00148375037094;0.925278614944;0.924714683714;GLM_model_python_1449144903009_396
T_KNR332;0.00270450067613;0.795629430965;0.787773230749;GLM_model_python_1449144903009_398
T_KNR141;0.0142287535572;0.824246614295;0.819891328403;GLM_model_python_1449144903009_400
T_KNR329;0.00307100076775;0.697845068029;0.697469840694;GLM_model_python_1449144903009_402
T_KNR201;0.0100347525087;0.740002259215;0.736565348509;GLM_model_python_1449144903009_404
T_KH_KNR286;0.000360750090188;0.901988946631;0.885746669923;GLM_model_python_1449144903009_406
T_KNR297;0.001484000371;0.928238169104;0.925083879688;GLM_model_python_1449144903009_408
T_KNR272;0.00628725157181;0.880867297153;0.881269730846;GLM_model_python_1449144903009_410
T_KNR321;0.000895250223813;0.830079064312;0.838810805012;GLM_model_python_1449144903009_412
T_KNR289;0.0043060010765;0.903190056065;0.897378729773;GLM_model_python_1449144903009_414
T_KNR124;0.00274350068588;0.880514210642;0.876940371058;GLM_model_python_1449144903009_416
T_KH_KNR210;0.000933750233438;0.834784785079;0.819068398905;GLM_model_python_1449144903009_418
T_KNR327;0.000389750097438;0.827300454054;0.793423242652;GLM_model_python_1449144903009_420
T_KNR194;0.00409675102419;0.919183060907;0.922470345282;GLM_model_python_1449144903009_422
T_KNR359;0.00612775153194;0.763998140803;0.761605952794;GLM_model_python_1449144903009_424
T_KNR146;0.00206150051538;0.903986639605;0.89775391062;GLM_model_python_1449144903009_426
T_KNR181;0.0112852528213;0.749255852952;0.746748053218;GLM_model_python_1449144903009_428
T_KNR107;0.016148004037;0.81882935993;0.81609233757;GLM_model_python_1449144903009_430
T_KNR14;0.000750750187688;0.910946725986;0.928664065629;GLM_model_python_1449144903009_432
T_KNR228;0.00226950056738;0.888610806817;0.887888644905;GLM_model_python_1449144903009_434
T_KNR283;0.0153395038349;0.858128802471;0.853678405811;GLM_model_python_1449144903009_436
T_KH_KNR138;4.3500010875e-05;0.912883395667;0.939374289205;GLM_model_python_1449144903009_438
T_KNR145;0.00157775039444;0.847552942536;0.851391246317;GLM_model_python_1449144903009_440
T_KNR143;0.00185525046381;0.793136594553;0.781323278136;GLM_model_python_1449144903009_442
T_KH_KNR265;0.000835750208938;0.875599545237;0.870497250878;GLM_model_python_1449144903009_444
T_KNR208;0.00234650058663;0.74857604036;0.74160861609;GLM_model_python_1449144903009_446
T_KNR156;0.000754500188625;0.847837346051;0.814282927124;GLM_model_python_1449144903009_448
T_KNR157;0.0163220040805;0.946840496734;0.944835669914;GLM_model_python_1449144903009_450
T_KNR323;0.000608500152125;0.856287826825;0.851838174164;GLM_model_python_1449144903009_452
T_KH_KNR302;0.00175550043888;0.992908910252;0.989190410214;GLM_model_python_1449144903009_454
T_KH_KNR288;7.52500188125e-05;0.970134993046;0.994817097873;GLM_model_python_1449144903009_456
T_KNR211;0.00714750178688;0.928068438976;0.928274569244;GLM_model_python_1449144903009_458
T_KNR127;0.00498950124738;0.72330420738;0.723697724353;GLM_model_python_1449144903009_460
T_KH_KNR135;0.0002660000665;0.965794152529;0.975949134312;GLM_model_python_1449144903009_462
T_KNR197;0.00329025082256;0.825259311195;0.818910690552;GLM_model_python_1449144903009_464
T_KNR221;0.00188275047069;0.925507654354;0.919454249644;GLM_model_python_1449144903009_466
T_KNR191;0.00175575043894;0.928555241468;0.919461007781;GLM_model_python_1449144903009_468
T_KNR312;1.700000425e-05;0.818295907086;0.778810582845;GLM_model_python_1449144903009_470
T_KH_KNR209;0.000170750042688;0.844063186853;0.789177292611;GLM_model_python_1449144903009_472
T_KH_KNR35;0.000603250150813;0.955886384586;0.957306263786;GLM_model_python_1449144903009_474
T_KH_KNR100;0.000177750044438;0.9851995875;0.987461066555;GLM_model_python_1449144903009_476
T_KNR26;0.00277450069363;0.942527954076;0.945988161673;GLM_model_python_1449144903009_478
T_KH_KNR26;0.000541750135438;0.953997998383;0.94013836742;GLM_model_python_1449144903009_480
T_KNR202;0.00133050033263;0.818174861526;0.807171902116;GLM_model_python_1449144903009_482
T_KNR306;0.000156750039188;0.821015890036;0.763215002432;GLM_model_python_1449144903009_484
T_KNR291;0.00317900079475;0.949661909593;0.944784818442;GLM_model_python_1449144903009_486
T_KNR122;0.00131350032838;0.895002714236;0.886352971083;GLM_model_python_1449144903009_488
T_KH_KNR208;0.000352250088063;0.707762403701;0.680039114643;GLM_model_python_1449144903009_490
T_KNR278;0.00597725149431;0.919878844998;0.920497810358;GLM_model_python_1449144903009_492
T_KNR287;0.00179375044844;0.901666713184;0.889773868675;GLM_model_python_1449144903009_494
T_KH_KNR157;0.000220250055063;0.929045903689;0.925356773802;GLM_model_python_1449144903009_496
T_KH_KNR357;0.000765500191375;0.8996387513;0.875343855681;GLM_model_python_1449144903009_498
T_KH_KNR160;0.00106350026588;0.903141799823;0.902696826643;GLM_model_python_1449144903009_500
T_KNR281;0.000353250088313;0.8120234082;0.806253638144;GLM_model_python_1449144903009_502
T_KH_KNR142;0.0007180001795;0.858677861874;0.832776928678;GLM_model_python_1449144903009_504
T_KNR259;0.00103550025888;0.766054011968;0.774241462011;GLM_model_python_1449144903009_506
T_KNR27;0.00519675129919;0.967964314001;0.963379008145;GLM_model_python_1449144903009_508
T_KNR220;0.00337300084325;0.959163024305;0.957510182846;GLM_model_python_1449144903009_510
T_KH_KNR220;0.000188000047;0.947757639718;0.969895385224;GLM_model_python_1449144903009_512
T_KNR345;0.0019900004975;0.766507575331;0.747035786198;GLM_model_python_1449144903009_514
T_KH_KNR173;0.000655250163813;0.890429062617;0.895054685971;GLM_model_python_1449144903009_516
T_KNR167;0.00124975031244;0.938649267729;0.94661986162;GLM_model_python_1449144903009_518
T_KH_KNR342;0.000448500112125;0.922670968283;0.912278527562;GLM_model_python_1449144903009_520
T_KNR342;0.00258450064613;0.923255989132;0.925295294904;GLM_model_python_1449144903009_522
T_KH_KNR151;0.000256250064063;0.93245746561;0.933288241381;GLM_model_python_1449144903009_524
T_KH_KNR274;0.00046100011525;0.962408574882;0.961752686133;GLM_model_python_1449144903009_526
T_KH_KNR115;0.000309250077313;0.885867118357;0.900444144858;GLM_model_python_1449144903009_528
T_KNR119;0.000895500223875;0.911070064372;0.906470164973;GLM_model_python_1449144903009_530
T_KNR279;0.00275050068763;0.911873931603;0.913735493267;GLM_model_python_1449144903009_532
T_KNR29;0.00404325101081;0.879723496754;0.888285070229;GLM_model_python_1449144903009_534
T_KH_KNR162;0.00132150033038;0.952509499125;0.942789511447;GLM_model_python_1449144903009_536
T_KH_KNR211;0.000314500078625;0.931891454723;0.922410869756;GLM_model_python_1449144903009_538
T_KNR322;0.000861750215438;0.853384454962;0.839136433173;GLM_model_python_1449144903009_540
T_KH_KNR266;0.000372750093188;0.842854623931;0.851253098956;GLM_model_python_1449144903009_542
T_KNR19;0.000381750095438;0.807993095058;0.772319918942;GLM_model_python_1449144903009_544
T_KH_KNR246;0.000652000163;0.833991938056;0.803776071942;GLM_model_python_1449144903009_546
T_KNR230;0.000314750078688;0.744039791626;0.7168272353;GLM_model_python_1449144903009_548
T_KNR247;0.00116050029013;0.796567426304;0.794561353221;GLM_model_python_1449144903009_550
T_KNR318;0.00307650076913;0.906047812092;0.911838105215;GLM_model_python_1449144903009_552
T_KH_KNR29;0.00024900006225;0.935652090374;0.932367743992;GLM_model_python_1449144903009_554
T_KH_KNR248;0.000566250141563;0.946854563258;0.924166414703;GLM_model_python_1449144903009_556
T_KH_KNR30;0.0003180000795;0.94167114956;0.936846209362;GLM_model_python_1449144903009_558
T_KNR134;0.00234175058544;0.932815487252;0.931367699194;GLM_model_python_1449144903009_560
T_KNR361;0.00120975030244;0.952476993934;0.951613111578;GLM_model_python_1449144903009_562
T_KH_KNR205;0.000570250142563;0.860607803861;0.859358014419;GLM_model_python_1449144903009_564
T_KH_KNR197;0.000452000113;0.908533968715;0.912474268943;GLM_model_python_1449144903009_566
T_KH_KNR181;0.00106700026675;0.855044683739;0.84873501703;GLM_model_python_1449144903009_568
T_KH_KNR149;0.000197250049313;0.853162778716;0.785861208916;GLM_model_python_1449144903009_570
T_KH_KNR206;0.000738500184625;0.776498659007;0.766817381908;GLM_model_python_1449144903009_572
T_KH_KNR215;0.000395250098813;0.824411390625;0.783185321929;GLM_model_python_1449144903009_574
T_KH_KNR276;2.4000006e-05;0.945583668379;0.821248392335;GLM_model_python_1449144903009_576
T_KH_KNR154;0.000242250060563;0.89653140515;0.866881837157;GLM_model_python_1449144903009_578
T_KH_KNR117;0.000234750058688;0.932714856691;0.945830513966;GLM_model_python_1449144903009_580
T_KH_KNR201;6.22500155625e-05;0.761697471671;0.638284521089;GLM_model_python_1449144903009_582
T_KNR131;0.00450700112675;0.887543923473;0.892246219314;GLM_model_python_1449144903009_584
T_KH_KNR1;0.000658750164688;0.774909768509;0.729509486336;GLM_model_python_1449144903009_586
T_KH_KNR229;0.000498750124688;0.753340690296;0.737670845499;GLM_model_python_1449144903009_588
T_KNR3;0.000831250207813;0.851647020132;0.847199283639;GLM_model_python_1449144903009_590
T_KH_KNR224;0.000450750112688;0.835428875359;0.835408993904;GLM_model_python_1449144903009_592
T_KH_KNR250;0.00138150034538;0.939820703233;0.940468381812;GLM_model_python_1449144903009_594
T_KH_KNR290;7.0500017625e-05;0.878594998154;0.859480275484;GLM_model_python_1449144903009_596
T_KH_KNR28;0.000103750025938;0.942803190493;0.91659833507;GLM_model_python_1449144903009_598
T_KNR363;0.000208750052188;0.877379440626;0.828189659547;GLM_model_python_1449144903009_600
T_KH_KNR328;0.0001380000345;0.751606548326;0.683345680506;GLM_model_python_1449144903009_602
T_KH_KNR360;9.0500022625e-05;0.749471708256;0.610989060285;GLM_model_python_1449144903009_604
T_KNR218;0.000295750073938;0.797403401487;0.775925940476;GLM_model_python_1449144903009_606
T_KNR195;0.000153250038313;0.811613996444;0.755846368057;GLM_model_python_1449144903009_608
T_KH_KNR31;0.000815250203813;0.954002032652;0.955284188616;GLM_model_python_1449144903009_610
T_KH_KNR327;0.000197250049313;0.748934936328;0.666256083549;GLM_model_python_1449144903009_612
T_KNR268;0.000294750073688;0.864670060574;0.870264660354;GLM_model_python_1449144903009_614
T_KNR24;0.001252000313;0.924775833261;0.917276856794;GLM_model_python_1449144903009_616
T_KH_KNR242;1.17500029375e-05;0.895633422714;0.839670368621;GLM_model_python_1449144903009_618
T_KH_KNR152;0.00115750028938;0.874979937338;0.858071775885;GLM_model_python_1449144903009_620
T_KH_KNR234;3.07500076875e-05;0.788290616785;0.705150931448;GLM_model_python_1449144903009_622
T_KH_KNR164;0.000699250174813;0.952811869377;0.935739485;GLM_model_python_1449144903009_624
T_KH_KNR111;0.000501250125313;0.930978687086;0.890744419803;GLM_model_python_1449144903009_626
T_KH_KNR225;0.000258250064563;0.850005265089;0.815858300432;GLM_model_python_1449144903009_628
T_KNR239;0.000202250050563;0.720257775269;0.7139808398;GLM_model_python_1449144903009_630
T_KH_KNR176;7.9500019875e-05;0.83199198013;0.808161904136;GLM_model_python_1449144903009_632
T_KNR212;0.000422500105625;0.870621888451;0.85335721629;GLM_model_python_1449144903009_634
T_KH_KNR192;0.000110750027688;0.945592236263;0.9505147306;GLM_model_python_1449144903009_636
T_KNR123;0.00128250032063;0.929281538682;0.927364631486;GLM_model_python_1449144903009_638
T_KH_KNR262;0.000324250081063;0.953392246828;0.948236504096;GLM_model_python_1449144903009_640
T_KH_KNR298;0.000114500028625;0.899936861439;0.890107243983;GLM_model_python_1449144903009_642
T_KH_KNR104;0.000701750175438;0.895320713969;0.859986463577;GLM_model_python_1449144903009_644
T_KH_KNR147;0.00024500006125;0.796848456004;0.757265951132;GLM_model_python_1449144903009_646
T_KH_KNR320;0.00021900005475;0.942866612562;0.942972405896;GLM_model_python_1449144903009_648
T_KNR33;0.000993250248313;0.914292610581;0.915653125814;GLM_model_python_1449144903009_650
T_KNR324;0.000235500058875;0.871818763654;0.869727292434;GLM_model_python_1449144903009_652
T_KH_KNR109;0.000905250226313;0.894281839431;0.880911936865;GLM_model_python_1449144903009_654
T_KNR233;0.000446250111563;0.770992688059;0.769236729603;GLM_model_python_1449144903009_656
T_KH_KNR121;0.000302500075625;0.921044346038;0.874625653866;GLM_model_python_1449144903009_658
T_KNR155;0.00086700021675;0.865176366686;0.885559935851;GLM_model_python_1449144903009_660
T_KNR15;0.000860500215125;0.832201792177;0.847465885035;GLM_model_python_1449144903009_662
T_KH_KNR110;8.9500022375e-05;0.913696703062;0.840168083498;GLM_model_python_1449144903009_664
T_KH_KNR213;0.00033900008475;0.869980668735;0.858448652463;GLM_model_python_1449144903009_666
T_KH_KNR216;0.000338250084563;0.818319256233;0.753356215113;GLM_model_python_1449144903009_668
T_KNR219;0.00254650063663;0.900191733157;0.882869859121;GLM_model_python_1449144903009_670
T_KH_KNR275;0.000376750094188;0.833131818073;0.776029935093;GLM_model_python_1449144903009_672
T_KH_KNR144;0.000270250067563;0.920269776933;0.912465603927;GLM_model_python_1449144903009_674
T_KH_KNR148;0.0002500000625;0.862266222902;0.86035591224;GLM_model_python_1449144903009_676
T_KH_KNR214;0.000672250168063;0.856099461193;0.850175975489;GLM_model_python_1449144903009_678
T_KH_KNR131;0.000123500030875;0.885714192027;0.875042617197;GLM_model_python_1449144903009_680
T_KNR193;0.000159250039813;0.799690646628;0.773262979378;GLM_model_python_1449144903009_682
T_KH_KNR188;6.0000015e-05;0.991261119242;0.974357268384;GLM_model_python_1449144903009_684
T_KNR188;0.000129750032438;0.908516870203;0.950321466458;GLM_model_python_1449144903009_686
T_KH_KNR212;5.80000145e-05;0.920170782196;0.920589550762;GLM_model_python_1449144903009_688
T_KNR120;0.0005380001345;0.854972703794;0.843912776269;GLM_model_python_1449144903009_690
T_KH_KNR102;2.07500051875e-05;0.938507826927;0.730081917407;GLM_model_python_1449144903009_692
T_KH_KNR33;0.000175500043875;0.939732013794;0.941357836763;GLM_model_python_1449144903009_694
T_KNR337;0.000990500247625;0.899774185978;0.882610750317;GLM_model_python_1449144903009_696
T_KH_KNR270;0.0004000001;0.846823949786;0.802096694207;GLM_model_python_1449144903009_698
T_KNR222;0.00273550068388;0.942731580076;0.937566129856;GLM_model_python_1449144903009_700
T_KNR150;0.000488000122;0.871007036305;0.90799210056;GLM_model_python_1449144903009_702
T_KNR116;0.000597500149375;0.806814751473;0.801758708186;GLM_model_python_1449144903009_704
T_KH_KNR146;3.07500076875e-05;0.900340180928;0.969504349428;GLM_model_python_1449144903009_706
T_KNR118;0.000946250236563;0.854853743413;0.848291386821;GLM_model_python_1449144903009_708
T_KH_KNR339;0.000417500104375;0.746102654823;0.744611388435;GLM_model_python_1449144903009_710
T_KH_KNR182;0.000421500105375;0.834324549794;0.816330665034;GLM_model_python_1449144903009_712
T_KH_KNR223;0.000132500033125;0.873416568127;0.842856392839;GLM_model_python_1449144903009_714
T_KNR319;0.000351500087875;0.883855673128;0.865246744266;GLM_model_python_1449144903009_716
T_KH_KNR282;0.000148500037125;0.934788900087;0.953948366524;GLM_model_python_1449144903009_718
T_KH_KNR278;4.87500121875e-05;0.952190775674;0.977943339138;GLM_model_python_1449144903009_720
T_KH_KNR103;0.00025900006475;0.952866085314;0.963521831236;GLM_model_python_1449144903009_722
T_KH_KNR190;0.000198250049563;0.94324701928;0.960348013407;GLM_model_python_1449144903009_724
T_KH_KNR271;0.000203750050938;0.867036815757;0.782467711613;GLM_model_python_1449144903009_726
T_KH_KNR199;0.000196250049063;0.781685938483;0.727972795463;GLM_model_python_1449144903009_728
T_KNR129;0.00200575050144;0.851460793729;0.85984226454;GLM_model_python_1449144903009_730
T_KH_KNR27;0.00039700009925;0.943340621405;0.935377527603;GLM_model_python_1449144903009_732
T_KNR362;0.00235050058763;0.956987225035;0.95178383206;GLM_model_python_1449144903009_734
T_KH_KNR347;7.62500190625e-05;0.792099384253;0.748235240234;GLM_model_python_1449144903009_736
T_KNR207;0.00018300004575;0.932172278492;0.936465452066;GLM_model_python_1449144903009_738
T_KNR13;0.000472500118125;0.898879367399;0.887199898934;GLM_model_python_1449144903009_740
T_KH_KNR140;0.000104250026063;0.906610021798;0.916870306704;GLM_model_python_1449144903009_742
T_KNR305;0.00100275025069;0.953608356146;0.951840913982;GLM_model_python_1449144903009_744
T_KH_KNR235;0.000210500052625;0.969058425183;0.935307578172;GLM_model_python_1449144903009_746
T_KH_KNR332;9.6000024e-05;0.865758123301;0.863149842371;GLM_model_python_1449144903009_748
T_KNR106;0.000738250184563;0.857791159218;0.853073439917;GLM_model_python_1449144903009_750
T_KH_KNR191;4.17500104375e-05;0.907269931358;0.850648972261;GLM_model_python_1449144903009_752
T_KH_KNR200;3.82500095625e-05;0.835023494247;0.776107198531;GLM_model_python_1449144903009_754
T_KH_KNR260;0.000670500167625;0.867396110525;0.84220046662;GLM_model_python_1449144903009_756
T_KH_KNR366;0.000173750043438;0.762956122983;0.699571662433;GLM_model_python_1449144903009_758
T_KH_KNR252;0.000272750068188;0.934276841907;0.912443299676;GLM_model_python_1449144903009_760
T_KH_KNR341;5.07500126875e-05;0.814858707077;0.591998575085;GLM_model_python_1449144903009_762
T_KH_KNR254;0.000736250184063;0.856106977182;0.843813862979;GLM_model_python_1449144903009_764
T_KH_KNR227;0.000186500046625;0.862723971886;0.822237620378;GLM_model_python_1449144903009_766
T_KH_KNR118;2.700000675e-05;0.939032725897;0.859058328562;GLM_model_python_1449144903009_768
T_KH_KNR344;0.000332750083188;0.74170063817;0.726380728555;GLM_model_python_1449144903009_770
T_KH_KNR218;3.3500008375e-05;0.854791184575;0.877642951585;GLM_model_python_1449144903009_772
T_KH_KNR255;0.000397250099313;0.853722970876;0.8511080873;GLM_model_python_1449144903009_774
T_KH_KNR279;6.22500155625e-05;0.917506598944;0.899302318651;GLM_model_python_1449144903009_776
T_KH_KNR356;1.6000004e-05;0.848739922895;0.87978081158;GLM_model_python_1449144903009_778
T_KH_KNR256;9.40000235e-05;0.950726651608;0.94976503664;GLM_model_python_1449144903009_780
T_KH_KNR101;0.0001460000365;0.920149215324;0.86684971922;GLM_model_python_1449144903009_782
T_KH_KNR294;0.000147250036813;0.90060806069;0.860284344848;GLM_model_python_1449144903009_784
T_KNR22;0.000688750172188;0.897195454517;0.860664752938;GLM_model_python_1449144903009_786
T_KNR165;0.000114750028688;0.947894758193;0.960447580181;GLM_model_python_1449144903009_788
T_KH_KNR177;0.000120750030188;0.783133067806;0.801033304937;GLM_model_python_1449144903009_790
T_KH_KNR330;0.000251250062813;0.87653649594;0.84725004362;GLM_model_python_1449144903009_792
T_KH_KNR334;0.000132000033;0.904020962887;0.895212070916;GLM_model_python_1449144903009_794
T_KH_KNR108;0.000467500116875;0.887969326305;0.866820027605;GLM_model_python_1449144903009_796
T_KH_KNR361;0.00019300004825;0.982993236054;0.976818611291;GLM_model_python_1449144903009_798
T_KH_KNR337;2.300000575e-05;0.890929628911;0.800435167057;GLM_model_python_1449144903009_800
T_KH_KNR217;3.77500094375e-05;0.879633900712;0.831744387552;GLM_model_python_1449144903009_802
T_KNR343;0.000364250091063;0.895797754075;0.901986198957;GLM_model_python_1449144903009_804
T_KH_KNR23;0.000108000027;0.798776229509;0.750725530219;GLM_model_python_1449144903009_806
T_KH_KNR202;5.1500012875e-05;0.893737064724;0.865449501946;GLM_model_python_1449144903009_808
T_KH_KNR105;0.000138250034563;0.852434337332;0.826457747811;GLM_model_python_1449144903009_810
T_KH_KNR124;4.3500010875e-05;0.906936599406;0.751536856279;GLM_model_python_1449144903009_812
T_KNR308;1.92500048125e-05;0.945809128844;0.999998416845;GLM_model_python_1449144903009_814
T_KNR303;8.77500219375e-05;0.950757581608;0.936704215806;GLM_model_python_1449144903009_816
T_KH_KNR295;0.000177250044313;0.891474965014;0.87631313198;GLM_model_python_1449144903009_818
T_KH_KNR329;0.000437500109375;0.745461937974;0.682221430279;GLM_model_python_1449144903009_820
T_KH_KNR335;0.000368250092063;0.785252854919;0.766911331362;GLM_model_python_1449144903009_822
T_KH_KNR171;0.000128250032063;0.842402819619;0.811563935722;GLM_model_python_1449144903009_824
T_KH_KNR346;0.000130500032625;0.761203026433;0.677357663009;GLM_model_python_1449144903009_826
T_KH_KNR172;6.67500166875e-05;0.874120590718;0.792838122949;GLM_model_python_1449144903009_828
T_KNR226;0.00144550036138;0.912025006771;0.905214037307;GLM_model_python_1449144903009_830
T_KNR331;7.0500017625e-05;0.808932699157;0.778109261437;GLM_model_python_1449144903009_832
T_KNR196;0.0013820003455;0.938307194361;0.921563726502;GLM_model_python_1449144903009_834
T_KH_KNR267;0.000165500041375;0.951219202953;0.931469127527;GLM_model_python_1449144903009_836
T_KH_KNR112;0.000124750031188;0.792410606553;0.818366214853;GLM_model_python_1449144903009_838
T_KH_KNR345;0.000311250077813;0.784299557957;0.741274499982;GLM_model_python_1449144903009_840
T_KH_KNR251;0.0002180000545;0.932477041124;0.919380102739;GLM_model_python_1449144903009_842
T_KH_KNR364;0.00014900003725;0.789566257291;0.621788837501;GLM_model_python_1449144903009_844
T_KH_KNR34;0.000137500034375;0.917918672119;0.912582042479;GLM_model_python_1449144903009_846
T_KNR317;0.000140000035;0.861952241714;0.822739128972;GLM_model_python_1449144903009_848
T_KH_KNR289;7.32500183125e-05;0.896011906689;0.850726280417;GLM_model_python_1449144903009_850
T_KH_KNR272;0.000391250097813;0.876671055802;0.872831839777;GLM_model_python_1449144903009_852
T_KH_KNR355;0.0001100000275;0.865461913428;0.832532784989;GLM_model_python_1449144903009_854
T_KH_KNR184;6.9500017375e-05;0.924303180444;0.920539566372;GLM_model_python_1449144903009_856
T_KNR309;7.07500176875e-05;0.868186767409;0.843867890507;GLM_model_python_1449144903009_858
T_KH_KNR269;0.000121500030375;0.901765776441;0.911554900702;GLM_model_python_1449144903009_860
T_KNR232;0.000317500079375;0.888181378029;0.878246906983;GLM_model_python_1449144903009_862
T_KH_KNR273;3.1500007875e-05;0.911193357534;0.832986952675;GLM_model_python_1449144903009_864
T_KH_KNR228;4.02500100625e-05;0.930261304348;0.860422354387;GLM_model_python_1449144903009_866
T_KNR313;0.000287250071813;0.905140247325;0.896482006796;GLM_model_python_1449144903009_868
T_KH_KNR183;0.0002700000675;0.892753346226;0.886352571849;GLM_model_python_1449144903009_870
T_KH_KNR284;0.00025500006375;0.967866043964;0.953420895696;GLM_model_python_1449144903009_872
T_KH_KNR245;5.40000135e-05;0.961383329618;0.967555496278;GLM_model_python_1449144903009_874
T_KH_KNR185;0.000116500029125;0.861007059471;0.813145096451;GLM_model_python_1449144903009_876
T_KNR325;0.000213250053313;0.947736420075;0.978789655813;GLM_model_python_1449144903009_878
T_KH_KNR315;9.12500228125e-05;0.973159417346;0.965968203279;GLM_model_python_1449144903009_880
T_KH_KNR32;0.000584250146063;0.929076530223;0.909867181848;GLM_model_python_1449144903009_882
T_KH_KNR194;0.000138750034688;0.925486827543;0.949353353123;GLM_model_python_1449144903009_884
T_KH_KNR261;0.000125500031375;0.928922158502;0.918665342651;GLM_model_python_1449144903009_886
T_KH_KNR358;4.87500121875e-05;0.925227522077;0.877652197776;GLM_model_python_1449144903009_888
T_KH_KNR340;4.5500011375e-05;0.734749905287;0.654461161744;GLM_model_python_1449144903009_890
T_KH_KNR349;6.37500159375e-05;0.832021732423;0.815786451053;GLM_model_python_1449144903009_892
T_KH_KNR169;6.07500151875e-05;0.928530510851;0.894416063498;GLM_model_python_1449144903009_894
T_KH_KNR167;3.9500009875e-05;0.944096436172;0.790995553914;GLM_model_python_1449144903009_896
T_KH_KNR134;7.02500175625e-05;0.919878294062;0.926185458238;GLM_model_python_1449144903009_898
T_KH_KNR161;4.2500010625e-05;0.865147044213;0.852027987405;GLM_model_python_1449144903009_900
T_KH_KNR141;1.80000045e-05;0.960464789778;0.864336321226;GLM_model_python_1449144903009_902
T_KH_KNR283;9.500002375e-05;0.89069304411;0.772653191368;GLM_model_python_1449144903009_904
T_KH_KNR291;0.000105250026313;0.940543799919;0.942045937338;GLM_model_python_1449144903009_906
T_KH_KNR316;0.000108000027;0.935678954639;0.915888236513;GLM_model_python_1449144903009_908
T_KNR353;0.0001540000385;0.853429835729;0.866389243141;GLM_model_python_1449144903009_910
T_KH_KNR226;0.000140750035188;0.929609464216;0.936763326048;GLM_model_python_1449144903009_912
T_KH_KNR264;6.47500161875e-05;0.814574590037;0.655865265527;GLM_model_python_1449144903009_914
T_KH_KNR240;1.7500004375e-05;0.875156887132;0.916470254916;GLM_model_python_1449144903009_916
T_KH_KNR14;0.000111750027938;0.988318350456;0.987457272618;GLM_model_python_1449144903009_918
T_KH_KNR24;0.000199250049813;0.954105232203;0.959209626617;GLM_model_python_1449144903009_920
T_KH_KNR293;2.0500005125e-05;0.927708067258;0.820690924443;GLM_model_python_1449144903009_922
T_KH_KNR221;2.92500073125e-05;0.942969404071;0.93440547905;GLM_model_python_1449144903009_924
T_KH_KNR128;4.300001075e-05;0.837784697088;0.75834776809;GLM_model_python_1449144903009_926
T_KH_KNR352;6.82500170625e-05;0.802941858163;0.75643512105;GLM_model_python_1449144903009_928
T_KH_KNR318;3.47500086875e-05;0.945539485425;0.885467700244;GLM_model_python_1449144903009_930
T_KH_KNR136;0.000163750040938;0.937635222736;0.932775354773;GLM_model_python_1449144903009_932
T_KH_KNR343;1.32500033125e-05;0.946665068989;0.959296675809;GLM_model_python_1449144903009_934
T_KH_KNR16;0.000111250027813;0.834174040783;0.816752057204;GLM_model_python_1449144903009_936
T_KH_KNR139;6.52500163125e-05;0.863638951823;0.729505478122;GLM_model_python_1449144903009_938
T_KH_KNR156;4.37500109375e-05;0.818999905629;0.862159405455;GLM_model_python_1449144903009_940
T_KH_KNR163;2.92500073125e-05;0.862661026551;0.833053786214;GLM_model_python_1449144903009_942
T_KH_KNR365;0.000122250030563;0.785583346579;0.736725346597;GLM_model_python_1449144903009_944
T_KNR244;0.00080900020225;0.935537786245;0.947368091994;GLM_model_python_1449144903009_946
T_KH_KNR17;2.82500070625e-05;0.861751695854;0.804900509524;GLM_model_python_1449144903009_948
T_KH_KNR143;6.22500155625e-05;0.907104976953;0.827346098127;GLM_model_python_1449144903009_950
T_KH_KNR123;7.300001825e-05;0.938844639896;0.965958912875;GLM_model_python_1449144903009_952
T_KH_KNR258;9.52500238125e-05;0.954179092212;0.932741322195;GLM_model_python_1449144903009_954
T_KH_KNR363;3.40000085e-05;0.90611531347;0.962809414245;GLM_model_python_1449144903009_956
T_KH_KNR237;7.40000185e-05;0.875358895174;0.872631553486;GLM_model_python_1449144903009_958
T_KH_KNR359;7.77500194375e-05;0.764623060337;0.785404152487;GLM_model_python_1449144903009_960
T_KH_KNR2;0.000110500027625;0.890582846265;0.942756604542;GLM_model_python_1449144903009_962
T_KH_KNR137;0.000266500066625;0.967189529095;0.974077625949;GLM_model_python_1449144903009_964
T_KNR178;4.2500010625e-05;0.827339270019;0.718492482433;GLM_model_python_1449144903009_966
T_KH_KNR244;2.07500051875e-05;0.975728214469;0.797728963825;GLM_model_python_1449144903009_968
T_KH_KNR15;3.62500090625e-05;0.897874709667;0.888759713445;GLM_model_python_1449144903009_970
T_KH_KNR126;3.00000075e-05;0.791433125686;0.630692972407;GLM_model_python_1449144903009_972
T_KH_KNR129;5.00000125e-05;0.925768749939;0.839523617279;GLM_model_python_1449144903009_974
T_KH_KNR166;9.40000235e-05;0.946004566163;0.935352920776;GLM_model_python_1449144903009_976
T_KH_KNR12;7.100001775e-05;0.855234124117;0.796736842141;GLM_model_python_1449144903009_978
T_KH_KNR238;9.27500231875e-05;0.833318476805;0.829109979045;GLM_model_python_1449144903009_980
T_KH_KNR207;1.1500002875e-05;0.770115195145;0.684130673977;GLM_model_python_1449144903009_982
T_KH_KNR174;1.17500029375e-05;0.913297858756;0.742492365714;GLM_model_python_1449144903009_984
T_KH_KNR253;0.000105750026438;0.931878871678;0.942963216978;GLM_model_python_1449144903009_986
T_KH_KNR195;2.0000005e-06;0.891315922441;0.908093531824;GLM_model_python_1449144903009_988
T_KNR10;6.27500156875e-05;0.719240205627;0.642374119323;GLM_model_python_1449144903009_990
T_KH_KNR299;0.000103750025938;0.972145517557;0.969079706034;GLM_model_python_1449144903009_992
T_KNR304;3.6500009125e-05;0.955811090963;0.833379820589;GLM_model_python_1449144903009_994
T_KH_KNR219;7.02500175625e-05;0.858808234666;0.826559502108;GLM_model_python_1449144903009_996
T_KH_KNR336;8.72500218125e-05;0.800874459719;0.721580991904;GLM_model_python_1449144903009_998
T_KNR311;6.42500160625e-05;0.9489821873;0.924246140855;GLM_model_python_1449144903009_1000
T_KH_KNR119;3.6500009125e-05;0.955965186118;0.926153230126;GLM_model_python_1449144903009_1002
T_KNR351;7.2000018e-05;0.740526759603;0.623370592023;GLM_model_python_1449144903009_1004
T_KH_KNR243;3.900000975e-05;0.97937050648;0.939155449557;GLM_model_python_1449144903009_1006
T_KH_KNR122;1.77500044375e-05;0.918120895769;0.87331778319;GLM_model_python_1449144903009_1008
T_KH_KNR145;3.700000925e-05;0.947720307172;0.973746775244;GLM_model_python_1449144903009_1010
T_KNR273;5.700001425e-05;0.885647844071;0.845338407472;GLM_model_python_1449144903009_1012
T_KH_KNR280;5.3500013375e-05;0.958068082409;0.958524559981;GLM_model_python_1449144903009_1014
T_KH_KNR159;0.00010900002725;0.912071752673;0.935737141806;GLM_model_python_1449144903009_1016
T_KH_KNR116;1.5500003875e-05;0.836826505405;0.452680619468;GLM_model_python_1449144903009_1018
T_KH_KNR175;3.6000009e-05;0.916103309769;0.814984138455;GLM_model_python_1449144903009_1020
T_KH_KNR236;1.07500026875e-05;0.875410546977;0.0;GLM_model_python_1449144903009_1022
T_KH_KNR180;4.900001225e-05;0.785318288971;0.676032507162;GLM_model_python_1449144903009_1024
T_KH_KNR222;7.02500175625e-05;0.967241096645;0.999210220418;GLM_model_python_1449144903009_1026
T_KNR307;3.500000875e-06;0.523933919671;0.981512191518;GLM_model_python_1449144903009_1028
T_KH_KNR333;6.100001525e-05;0.752759540161;0.695136645231;GLM_model_python_1449144903009_1030
T_KH_KNR187;9.12500228125e-05;0.874486400623;0.815584088399;GLM_model_python_1449144903009_1032
T_KH_KNR287;2.4500006125e-05;0.946960536177;0.859469449766;GLM_model_python_1449144903009_1034
T_KH_KNR323;7.2500018125e-06;0.655265821604;0.754438967929;GLM_model_python_1449144903009_1036
T_KH_KNR353;5.2500013125e-06;0.432665817317;0.76536547042;GLM_model_python_1449144903009_1038
T_KH_KNR11;3.02500075625e-05;0.876788583321;0.72699381242;GLM_model_python_1449144903009_1040
T_KH_KNR198;3.40000085e-05;0.886264629444;0.842189473499;GLM_model_python_1449144903009_1042
T_KH_KNR196;6.67500166875e-05;0.940100722455;0.925366840438;GLM_model_python_1449144903009_1044
T_KH_KNR107;7.2000018e-05;0.837186129138;0.803754861862;GLM_model_python_1449144903009_1046
T_KH_KNR362;3.7500009375e-06;0.598913479532;0.997093621535;GLM_model_python_1449144903009_1048
T_KH_KNR106;1.02500025625e-05;0.968068560522;0.960832390044;GLM_model_python_1449144903009_1050
T_KH_KNR324;1.37500034375e-05;0.974836319396;0.962012950176;GLM_model_python_1449144903009_1052
T_KH_KNR322;2.500000625e-05;0.97051289763;0.94272099043;GLM_model_python_1449144903009_1054
T_KNR168;0.000126250031563;0.923706077288;0.927021607027;GLM_model_python_1449144903009_1056
T_KH_KNR170;1.900000475e-05;0.909930010578;0.808999696558;GLM_model_python_1449144903009_1058
T_KH_KNR285;3.32500083125e-05;0.924720154129;0.850520928158;GLM_model_python_1449144903009_1060
T_KH_KNR21;6.2500015625e-06;0.430645887851;0.92929967229;GLM_model_python_1449144903009_1062
T_KH_KNR319;1.97500049375e-05;0.994153470504;0.999971729222;GLM_model_python_1449144903009_1064
T_KH_KNR247;1.500000375e-05;0.872794206959;0.682463310765;GLM_model_python_1449144903009_1066
T_KH_KNR249;2.900000725e-05;0.915990716982;0.873711680238;GLM_model_python_1449144903009_1068
T_KH_KNR239;9.2500023125e-06;0.336050924884;0.625733852604;GLM_model_python_1449144903009_1070
T_KH_KNR193;9.2500023125e-06;0.881118869927;0.989395610485;GLM_model_python_1449144903009_1072
T_KH_KNR19;3.2500008125e-06;0.6764001608;0.999498672802;GLM_model_python_1449144903009_1074
T_KH_KNR230;2.2500005625e-05;0.795355085207;0.767632672878;GLM_model_python_1449144903009_1076
T_KH_KNR125;2.3500005875e-05;0.970448070407;0.996847533833;GLM_model_python_1449144903009_1078
T_KH_KNR168;5.00000125e-06;0.921566026322;0.854115104725;GLM_model_python_1449144903009_1080
T_KH_KNR3;1.6500004125e-05;0.872256437338;0.796674617645;GLM_model_python_1449144903009_1082
T_KH_KNR155;3.3500008375e-05;0.827980432298;0.935237251561;GLM_model_python_1449144903009_1084
T_KH_KNR321;2.0000005e-06;0.741460183069;0.0;GLM_model_python_1449144903009_1086
T_KH_KNR304;7.00000175e-06;0.989487326422;0.705070410271;GLM_model_python_1449144903009_1088
T_KH_KNR241;3.42500085625e-05;0.938846181604;0.760266310443;GLM_model_python_1449144903009_1090
T_KH_KNR297;1.77500044375e-05;0.929530811758;0.879585897179;GLM_model_python_1449144903009_1092
T_KNR310;1.42500035625e-05;0.912314395994;0.85892466536;GLM_model_python_1449144903009_1094
T_KH_KNR165;1.27500031875e-05;0.93940753486;0.713322884564;GLM_model_python_1449144903009_1096
T_KH_KNR20;4.500001125e-06;0.249488760162;0.541622030956;GLM_model_python_1449144903009_1098
T_KH_KNR281;6.7500016875e-06;0.699101846416;0.719236980005;GLM_model_python_1449144903009_1100
T_KH_KNR268;2.500000625e-06;0.697726219734;0.0;GLM_model_python_1449144903009_1102
T_KH_KNR18;1.2000003e-05;0.92239532782;0.897669771678;GLM_model_python_1449144903009_1104
T_KH_KNR259;2.500000625e-06;0.281315626587;0.0;GLM_model_python_1449144903009_1106
T_KH_KNR331;2.500000625e-06;0.913206194961;0.883359631023;GLM_model_python_1449144903009_1108
T_KH_KNR232;2.20000055e-05;0.982097678361;0.999940895538;GLM_model_python_1449144903009_1110
T_KH_KNR257;1.2500003125e-05;0.922325609166;0.99999560237;GLM_model_python_1449144903009_1112
T_KH_KNR127;1.02500025625e-05;0.873305497501;0.846103611686;GLM_model_python_1449144903009_1114
T_KH_KNR317;3.500000875e-06;0.72469239439;1.0;GLM_model_python_1449144903009_1116
T_KH_KNR325;1.0500002625e-05;0.98889656416;0.999799994723;GLM_model_python_1449144903009_1118
T_KH_KNR120;1.82500045625e-05;0.975032992711;0.922400042746;GLM_model_python_1449144903009_1120
T_KH_KNR13;1.7500004375e-06;0.970071488579;0.0;GLM_model_python_1449144903009_1122
T_KH_KNR351;;0.570269049599;0.0;GLM_model_python_1449144903009_1124
T_KH_KNR150;;0.288687276769;0.0;GLM_model_python_1449144903009_1126
T_KH_KNR233;;0.388611055126;0.0;GLM_model_python_1449144903009_1128
T_KH_KNR178;;0.999979715334;0.780045793058;GLM_model_python_1449144903009_1130
T_KH_KNR22;;0.243123769627;0.0424779518289;GLM_model_python_1449144903009_1132
T_KH_KNR306;;0.998382625071;0.0;GLM_model_python_1449144903009_1134
